

{ "openai_LLMs": {
    "text-davinci-003":{"prompt":0.00002, "completion": 0.00002}, 
    "gpt4": {"prompt":0.00003, "completion": 0.00006 },
    "gpt-4-32k": {"prompt":0.00006, "completion": 0.00012},
    "gpt-3.5-turbo": {"prompt":0.0000015 , "completion": 0.000002 },
    "gpt-3.5-16K" : {"prompt":0.000003 , "completion": 0.000004  }
    }
}